[{"start_date": "2026-01-30", "end_date": "2026-02-01", "line": "line 1 (yonge-university)", "text": "St Geroge to St Andrew stations - Full weekend closure starting at 11 p.m. - Friday, January 30 to Sunday, February 1, 2026", "url": "https://www.ttc.ca/service-advisories/subway-service/Line-1-St-Geroge-to-St-Andrew-Full-weekend-closure-Jan-30-to-Feb-1-2026", "last_shown": "2026-01-19"}, {"start_date": "2026-01-30", "end_date": "2026-02-01", "line": "line 1 (yonge-university)", "text": "St George to St Andrew stations - Full weekend closure starting at 11 p.m. - Friday, January 30 to Sunday, February 1, 2026", "url": "https://www.ttc.ca/service-advisories/subway-service/Line-1-St-George-to-St-Andrew-Full-weekend-closure-Jan-30-to-Feb-1-2026", "last_shown": "2026-01-28"}, {"start_date": "2026-01-31", "end_date": "2026-02-01", "line": "line 4 (sheppard)", "text": "Sheppard-Yonge to Don Mills stations - Full weekend closure - Saturday, January 31 to Sunday, February 1, 2026", "url": "https://www.ttc.ca/service-advisories/subway-service/Line-4-SheppardYonge-to-Don-Mills-Full-weekend-closure-Jan-31-to-Feb-1-2026", "last_shown": "2026-01-28"}]